{
    "origin": {
        "x": 836.0,
        "y": 322.0
    },
    "matrix": [
        [
            -132.90661151509613,
            121.69086370791501
        ],
        [
            38.13354254441576,
            104.86724199714335
        ]
    ]
}